{
  "products": [
    {
      "id": "1",
      "name": "heels",
      "price": "500",
      "description": "high"
    },
    {
      "id": "2",
      "name": "er (Drashti)",
      "price": "rewr",
      "description": "rew"
    },
    {
      "id": "3",
      "name": " hat",
      "price": "200",
      "description": "high"
    },
    {
      "id": "5",
      "name": " car",
      "price": "20000",
      "description": "average"
    },
    {
      "name": "test  (Drashti)",
      "price": "test",
      "description": "test",
      "id": "987"
    },
    {
      "id": "424",
      "name": "marks ",
      "price": "500",
      "description": "medium"
    },
    {
      "id": "880",
      "name": "mask (Drashti)",
      "price": "678",
      "description": "low"
    },
    {
      "id": "633",
      "name": "medicine (Drashti)",
      "price": "2000",
      "description": "costly"
    },
    {
      "id": "7",
      "name": "clothes",
      "price": "5000",
      "description": "costly"
    }
  ]
}